Initiative,Percentage
heard_eth_sus,66.66666666666666
heard_net_zero,57.14285714285714
heard_net_zero_day,19.047619047619047
heard_air_travel,9.523809523809524
heard_sus_gastronomy,33.33333333333333
heard_sdg_lecture,33.33333333333333
